INDEX,temp,pressure,humidity,dew_point,clouds,visibility,wind_speed,rainfall_1hr
834693,2.8,1017.0,91.0,1.48,100.0,2414.0,3.1,
3735975,24.96,1013.0,88.0,22.83,100.0,10000.0,4.1,0.43
823457,13.06,1019.0,100.0,13.06,100.0,9656.0,2.6,
3459399,19.63,1019.0,72.0,14.45,75.0,10000.0,3.1,
856751,0.78,1012.0,51.0,-7.29,100.0,10000.0,3.1,
2585261,24.49,1013.0,40.0,10.02,20.0,10000.0,5.7,
943041,1.79,1027.0,51.0,-6.45,100.0,10000.0,6.2,0.2
4353786,15.9,1014.0,83.0,13.02,75.0,10000.0,3.1,
2034918,15.6,1023.0,100.0,15.6,100.0,201.0,0.0,
4005599,24.45,1019.0,68.0,18.16,40.0,10000.0,4.1,
1610480,28.94,1019.0,57.0,19.57,75.0,10000.0,6.2,
685509,-19.24,1034.0,60.0,-24.48,40.0,10000.0,6.7,
2292848,12.16,1016.0,81.0,9.0,100.0,10000.0,2.6,
5145001,4.08,1012.0,31.0,-10.27,0.0,10000.0,6.7,
5039780,13.9,1020.0,80.0,10.51,100.0,10000.0,1.5,
725705,-6.59,1011.0,72.0,-10.33,100.0,3219.0,3.6,
3415749,20.53,1016.0,35.0,4.56,0.0,10000.0,2.1,
2582555,27.75,1020.0,66.0,20.82,75.0,10000.0,4.1,
569348,16.79,1017.0,23.0,-3.93,40.0,10000.0,8.8,
2013943,23.65,1015.0,68.0,17.4,75.0,10000.0,3.1,
3231885,24.35,1004.0,58.0,15.56,75.0,10000.0,0.0,
1529828,11.63,1019.0,68.0,5.93,75.0,10000.0,3.1,
936188,6.66,1012.0,75.0,2.55,0.0,10000.0,4.1,
3622080,25.13,1020.0,55.0,15.46,75.0,10000.0,5.7,
3032892,20.15,1017.0,57.0,11.37,100.0,10000.0,2.6,
2013093,23.11,1015.0,71.0,17.57,75.0,10000.0,3.6,
4617381,15.97,1015.0,44.0,3.74,75.0,10000.0,3.6,0.18
3474970,36.23,1016.0,30.0,15.9,40.0,10000.0,3.6,
2616788,28.93,1018.0,80.0,25.13,75.0,10000.0,7.7,0.2
4768094,2.67,1031.0,72.0,-1.65,20.0,10000.0,3.6,
2657117,17.22,1016.0,84.0,14.49,0.0,10000.0,4.6,
1418776,26.24,1011.0,64.0,18.89,100.0,10000.0,7.2,
4086837,31.59,1015.0,65.0,24.2,40.0,10000.0,3.1,
2833760,26.9,1014.0,73.0,21.65,75.0,10000.0,4.1,
2655161,19.66,1016.0,46.0,7.73,0.0,10000.0,3.1,
1139667,20.8,1022.0,21.0,-2.04,75.0,10000.0,5.1,
1271004,23.16,1017.0,51.0,12.48,20.0,10000.0,5.7,
5027731,17.28,1021.0,89.0,15.45,0.0,10000.0,3.6,
1433420,19.73,1021.0,29.0,1.21,100.0,10000.0,11.3,
4434776,20.71,1018.0,83.0,17.72,20.0,10000.0,1.5,
3709555,26.67,1009.0,62.0,18.79,75.0,10000.0,4.1,
1337286,-2.22,1017.0,55.0,-9.18,100.0,10000.0,8.8,
5108885,7.81,1022.0,57.0,-0.15,0.0,10000.0,0.0,
2546289,19.1,1013.0,80.0,15.57,75.0,10000.0,0.0,
831021,1.47,1020.0,91.0,0.16,100.0,4828.0,3.1,
5125014,7.78,1023.0,60.0,0.51,75.0,10000.0,5.1,
2650545,28.09,1016.0,32.0,9.86,20.0,10000.0,3.1,0.95
2768343,26.91,1007.0,69.0,20.74,40.0,10000.0,6.2,
5118935,0.57,1019.0,63.0,-5.01,75.0,10000.0,4.6,
3408775,34.21,1013.0,49.0,21.97,40.0,10000.0,5.7,4.56
3067912,35.1,1018.0,45.0,21.38,75.0,10000.0,2.1,
3725231,31.0,1011.0,57.0,21.48,40.0,10000.0,8.2,0.33
131390,-2.9,1017.0,43.0,-12.57,100.0,10000.0,7.7,
1549526,29.29,1019.0,57.0,19.89,40.0,10000.0,5.7,
3655387,28.57,1023.0,56.0,18.94,75.0,10000.0,3.1,
3194936,23.3,1018.0,65.0,16.36,40.0,10000.0,3.1,
2014550,27.52,1013.0,89.0,25.54,100.0,3219.0,4.1,0.11
878341,23.57,1013.0,87.0,21.28,0.0,10000.0,1.5,
2290291,26.09,1021.0,80.0,22.37,75.0,10000.0,4.6,
885914,-1.93,1031.0,37.0,-13.33,20.0,10000.0,4.6,
1650843,0.07,1019.0,100.0,0.07,100.0,10000.0,0.0,
1783473,19.48,1012.0,96.0,18.83,100.0,10000.0,3.6,4.67
714370,-8.86,1015.0,83.0,-10.96,100.0,1207.0,3.1,
4878322,11.38,1013.0,92.0,10.13,100.0,3219.0,0.0,0.2
2289876,19.1,1017.0,91.0,17.6,40.0,10000.0,3.6,
1860002,8.01,1010.0,79.0,4.6,20.0,10000.0,3.6,
529955,15.53,1017.0,74.0,10.92,75.0,10000.0,5.1,
5295876,0.58,1009.0,91.0,-0.63,100.0,10000.0,6.7,
4998197,14.87,1012.0,82.0,11.83,100.0,10000.0,6.7,
3258546,18.65,1016.0,72.0,13.51,40.0,10000.0,0.0,
114800,-22.93,1034.0,73.0,-26.09,20.0,10000.0,6.2,
3970756,21.88,1015.0,90.0,20.17,40.0,8000.0,2.6,
970212,12.01,1013.0,94.0,11.08,100.0,804.0,7.2,1.36
563350,7.84,1020.0,76.0,3.88,0.0,10000.0,5.7,
2718187,33.13,1018.0,56.0,23.17,75.0,10000.0,2.6,
2862754,24.44,1012.0,62.0,16.69,75.0,10000.0,1.5,
1900199,25.45,1019.0,39.0,10.5,20.0,10000.0,3.1,
1438136,17.56,1020.0,96.0,16.92,100.0,805.0,0.0,
3785213,26.23,1018.0,79.0,22.3,75.0,10000.0,0.0,0.35
911074,-4.0,1034.0,79.0,-6.75,100.0,805.0,3.1,
390888,-3.17,1014.0,72.0,-7.01,100.0,10000.0,10.8,
5269033,5.8,1005.0,85.0,3.48,100.0,4023.0,11.3,0.7
1241393,20.25,1015.0,90.0,18.56,100.0,10000.0,3.6,0.17
507075,3.31,1017.0,92.0,2.14,100.0,10000.0,4.6,
2232954,7.17,1021.0,88.0,5.32,0.0,10000.0,2.6,
5109007,-1.07,1011.0,68.0,-5.64,100.0,10000.0,8.2,
3044074,16.44,1014.0,60.0,8.66,40.0,10000.0,0.0,
594648,10.53,1002.0,79.0,7.05,75.0,10000.0,2.1,0.25
4182568,23.3,1012.0,61.0,15.36,0.0,10000.0,6.2,
4267369,15.41,1025.0,72.0,10.39,40.0,10000.0,0.0,
1602096,20.67,1010.0,96.0,20.01,75.0,8047.0,3.1,
1825844,16.76,1016.0,18.0,-6.82,20.0,10000.0,8.2,
1333736,13.09,1021.0,100.0,13.09,100.0,2012.0,0.0,
3653994,22.25,1021.0,73.0,17.18,20.0,10000.0,2.1,
3078652,16.78,1017.0,81.0,13.5,75.0,10000.0,3.6,
4064917,22.96,1012.0,90.0,21.23,100.0,10000.0,2.6,
2587763,22.63,1008.0,57.0,13.69,20.0,10000.0,10.3,
983916,-15.0,1033.0,77.0,-17.8,0.0,10000.0,2.1,
5166971,4.93,1008.0,88.0,3.11,100.0,10000.0,4.1,1.03
3980637,30.69,1016.0,64.0,23.1,75.0,10000.0,3.6,
295361,12.36,1016.0,97.0,11.9,100.0,402.0,2.1,
2917058,27.04,1017.0,69.0,20.87,40.0,10000.0,4.1,0.14
1890130,11.97,1009.0,86.0,9.7,100.0,10000.0,2.1,0.15
2529544,24.09,1010.0,53.0,13.92,100.0,10000.0,3.6,
3703793,31.78,1011.0,36.0,14.88,40.0,10000.0,3.6,
4415347,24.45,1015.0,58.0,15.65,20.0,10000.0,3.1,
4630959,12.54,1014.0,37.0,-1.54,40.0,10000.0,6.2,
3778667,22.64,1017.0,81.0,19.21,40.0,10000.0,2.1,
4994251,13.52,1016.0,100.0,13.52,100.0,201.0,1.5,
658400,2.24,1023.0,58.0,-4.58,75.0,10000.0,8.2,
820339,-2.96,1033.0,87.0,-4.6,100.0,4828.0,7.7,
1260183,0.4,1023.0,36.0,-11.54,75.0,10000.0,5.1,
5207841,10.6,1016.0,68.0,4.95,40.0,10000.0,3.1,
4713031,1.07,1017.0,92.0,-0.07,100.0,1600.0,5.1,
2281858,23.43,1013.0,87.0,21.14,100.0,10000.0,6.7,0.25
117132,-22.09,1030.0,74.0,-25.14,100.0,10000.0,5.7,
475405,0.72,1016.0,90.0,-0.64,100.0,10000.0,4.1,
3408627,28.19,1016.0,68.0,21.72,75.0,10000.0,6.7,
2158214,30.73,1022.0,53.0,20.05,75.0,10000.0,3.1,
1581927,13.56,1008.0,50.0,3.35,0.0,10000.0,4.1,
5283277,21.96,1013.0,71.0,16.47,100.0,10000.0,8.2,
3578495,27.97,1014.0,81.0,24.4,0.0,10000.0,3.1,
4123517,12.69,1022.0,83.0,9.88,0.0,10000.0,3.6,
4919407,5.6,1031.0,70.0,0.57,20.0,10000.0,3.6,
373729,6.1,1023.0,95.0,5.36,75.0,10000.0,2.6,
13886,11.74,1020.0,39.0,-1.54,0.0,10000.0,2.6,
189962,-8.27,1039.0,69.0,-12.44,100.0,10000.0,5.1,
174510,5.2,1022.0,76.0,1.32,75.0,10000.0,4.1,
4013725,24.96,1016.0,69.0,18.88,75.0,10000.0,1.5,
2333716,25.66,1023.0,64.0,18.34,40.0,10000.0,2.1,2.53
2648485,19.25,1022.0,52.0,9.16,40.0,10000.0,5.1,
3818528,31.91,1018.0,59.0,22.9,40.0,10000.0,0.0,
3472112,25.08,1017.0,64.0,17.8,0.0,10000.0,2.6,
4563300,13.25,1019.0,49.0,2.78,20.0,10000.0,6.2,
937262,-5.27,1021.0,71.0,-9.21,100.0,6437.0,3.6,
3946858,31.58,1017.0,48.0,19.24,100.0,10000.0,0.0,
1711618,11.57,1012.0,86.0,9.31,100.0,10000.0,8.2,0.8
4716959,-0.62,1015.0,88.0,-2.16,100.0,10000.0,10.3,
1108917,7.91,1025.0,87.0,5.88,100.0,10000.0,7.2,
4985587,7.59,1020.0,88.0,5.73,0.0,10000.0,2.1,
4997348,7.41,1013.0,92.0,6.2,20.0,6437.0,3.1,
3990480,21.39,1017.0,81.0,18.0,40.0,10000.0,0.0,1.59
2393935,11.79,1025.0,66.0,5.65,75.0,10000.0,4.1,
146078,1.43,1034.0,41.0,-9.24,100.0,10000.0,4.1,
496405,-8.89,1025.0,64.0,-13.86,20.0,10000.0,3.1,
1940598,20.78,1010.0,72.0,15.55,100.0,10000.0,5.7,1.2
742853,-14.59,1018.0,48.0,-22.33,75.0,10000.0,9.8,
2684123,33.14,1019.0,61.0,24.6,40.0,10000.0,5.1,
2719549,24.16,1008.0,64.0,16.93,75.0,10000.0,5.7,
1692853,25.5,1008.0,59.0,16.9,75.0,10000.0,3.6,
3905464,31.09,1009.0,19.0,4.77,40.0,10000.0,3.6,
1677960,25.65,1013.0,78.0,21.53,100.0,10000.0,6.7,0.18
3375967,20.2,1015.0,84.0,17.41,40.0,10000.0,3.6,
5221933,20.2,1017.0,92.0,18.86,100.0,805.0,4.6,13.2
5267968,23.97,1001.0,79.0,20.1,75.0,10000.0,10.3,1.58
5215940,20.04,1013.0,89.0,18.17,75.0,10000.0,7.7,0.84
2185867,8.35,1023.0,65.0,2.16,100.0,10000.0,6.2,
5043710,10.66,1022.0,92.0,9.42,75.0,10000.0,3.1,
1777498,20.33,1011.0,93.0,19.16,100.0,10000.0,5.7,
2787991,30.58,1020.0,64.0,22.99,100.0,3219.0,10.8,9.1
5304349,-0.82,1023.0,81.0,-3.34,100.0,10000.0,3.1,
2512619,24.7,1006.0,59.0,16.16,40.0,10000.0,7.7,
1255707,-0.29,1024.0,63.0,-5.77,100.0,10000.0,4.6,
4726815,-2.19,1021.0,62.0,-7.78,20.0,10000.0,3.6,
891103,-21.5,1039.0,77.0,-24.16,20.0,10000.0,0.0,
3543836,19.85,1014.0,65.0,13.09,75.0,10000.0,7.2,
2560240,23.42,1015.0,87.0,21.13,0.0,8047.0,2.6,
23378,-1.11,1023.0,89.0,-2.51,100.0,2816.0,4.1,
4340154,19.53,1023.0,83.0,16.57,100.0,10000.0,3.6,
4810798,12.09,1021.0,100.0,12.09,100.0,2414.0,3.1,
655785,11.5,1026.0,71.0,6.43,100.0,10000.0,3.1,
3591208,37.16,1015.0,36.0,19.6,40.0,10000.0,2.6,
4217821,20.56,1016.0,65.0,13.76,40.0,10000.0,6.2,
2847798,29.61,1018.0,64.0,22.08,75.0,10000.0,4.6,
4446864,13.39,1005.0,40.0,0.08,20.0,10000.0,5.1,
689384,-15.06,1034.0,65.0,-19.64,75.0,10000.0,5.7,
3126661,19.1,1012.0,79.0,15.38,75.0,10000.0,2.1,
5311840,17.64,1021.0,93.0,16.49,100.0,2414.0,5.1,7.8
292688,1.25,1012.0,56.0,-5.81,100.0,10000.0,5.7,
2366903,30.58,1016.0,59.0,21.66,75.0,10000.0,2.1,0.14
3748205,14.92,1018.0,84.0,12.24,40.0,10000.0,3.1,
4057205,27.01,1014.0,58.0,18.05,75.0,10000.0,0.0,
4652544,19.83,1005.0,92.0,18.49,100.0,3219.0,6.2,16.5
4108707,26.2,1011.0,69.0,20.06,0.0,10000.0,5.7,0.53
722551,-6.85,1011.0,67.0,-11.39,75.0,10000.0,4.1,
2013392,24.31,1015.0,60.0,16.05,75.0,10000.0,3.1,
3270209,33.14,1013.0,48.0,20.66,40.0,10000.0,3.1,
4462317,23.75,1014.0,90.0,22.01,100.0,4828.0,4.1,0.2
4629415,15.24,1013.0,52.0,5.46,40.0,10000.0,13.9,0.12
4949126,0.86,1025.0,84.0,-1.35,0.0,10000.0,2.1,
713269,-8.32,1017.0,55.0,-14.97,100.0,10000.0,2.6,
2213989,17.58,1019.0,80.0,14.09,100.0,10000.0,6.2,
4989853,9.93,1009.0,65.0,3.67,75.0,10000.0,8.8,
5167538,18.23,1014.0,89.0,16.39,75.0,10000.0,5.1,
3840494,28.3,1012.0,83.0,25.13,75.0,10000.0,3.1,0.3
1425958,14.96,1021.0,82.0,11.92,75.0,10000.0,3.1,
4049381,24.1,1010.0,71.0,18.52,20.0,10000.0,0.0,
1184084,18.58,1019.0,90.0,16.91,100.0,4828.0,4.6,1.0
2822716,33.86,1014.0,44.0,19.9,75.0,10000.0,5.7,
36819,18.82,1013.0,93.0,17.66,100.0,10000.0,3.1,1.04
4982270,17.3,1017.0,86.0,14.94,75.0,10000.0,4.6,
1997390,15.64,1008.0,57.0,7.16,40.0,10000.0,2.1,
3182522,21.87,1013.0,80.0,18.27,75.0,10000.0,3.1,
4714630,1.85,1016.0,88.0,0.08,100.0,4828.0,4.6,
1964140,27.75,1024.0,42.0,13.68,40.0,10000.0,1.5,
4071945,28.37,1012.0,64.0,20.91,75.0,10000.0,8.2,0.16
2114561,13.52,1013.0,84.0,10.87,75.0,10000.0,3.1,2.53
594482,-3.09,1015.0,79.0,-5.86,100.0,10000.0,7.7,
3177694,22.84,1015.0,87.0,20.56,75.0,10000.0,0.0,0.65
770053,-15.4,1025.0,59.0,-20.98,100.0,10000.0,6.7,
485298,0.23,1012.0,91.0,-0.94,100.0,805.0,4.1,
2173074,25.57,1023.0,78.0,21.45,100.0,6437.0,2.1,
1439286,8.99,1011.0,48.0,-1.26,40.0,10000.0,2.1,
590015,0.57,1012.0,88.0,-1.05,100.0,4828.0,6.2,
3731869,23.31,1014.0,88.0,21.21,75.0,10000.0,2.1,0.2
124236,-14.74,1014.0,79.0,-17.27,100.0,4023.0,9.3,
646381,,,,,,,,
1336558,32.23,1011.0,41.0,17.31,75.0,10000.0,10.8,0.23
2937270,23.13,1014.0,46.0,10.89,75.0,10000.0,3.1,
4313579,21.13,1016.0,62.0,13.57,0.0,10000.0,2.6,
5275269,1.28,1025.0,75.0,-2.35,100.0,10000.0,6.7,
1213835,0.04,1024.0,92.0,-0.97,100.0,1609.0,2.6,
473289,11.12,1015.0,92.0,9.87,40.0,10000.0,1.5,
515661,-8.1,1018.0,77.0,-11.05,100.0,10000.0,2.6,
4869696,7.26,1016.0,95.0,6.51,100.0,2816.0,3.1,
4626443,15.77,1014.0,52.0,5.95,75.0,10000.0,12.9,
1783173,19.92,1012.0,96.0,19.26,100.0,10000.0,3.6,1.44
1433657,27.04,1011.0,66.0,20.15,40.0,10000.0,9.8,
2334914,25.17,1023.0,64.0,17.88,75.0,10000.0,3.6,0.8
2172627,15.76,1023.0,83.0,12.88,100.0,4828.0,5.1,
983200,11.05,1026.0,62.0,4.06,0.0,10000.0,0.0,
2212179,17.95,1019.0,80.0,14.45,100.0,10000.0,6.7,
2142471,29.04,1020.0,51.0,17.88,75.0,10000.0,2.6,
5203676,9.68,1002.0,89.0,7.96,100.0,2012.0,5.1,
1543761,7.98,1011.0,89.0,6.28,100.0,1609.0,2.6,0.29
3201114,34.93,1016.0,44.0,20.86,20.0,10000.0,4.6,
2811238,25.12,1016.0,90.0,23.36,40.0,10000.0,0.0,
2982185,33.16,1015.0,44.0,19.27,75.0,10000.0,11.8,
3551973,20.77,1015.0,90.0,19.07,100.0,4828.0,2.6,
4074113,23.56,1011.0,73.0,18.44,75.0,10000.0,2.6,2.22
2381726,25.19,1017.0,61.0,17.14,40.0,10000.0,7.2,
2316980,28.9,1021.0,60.0,20.36,75.0,10000.0,3.1,
2014014,24.31,1015.0,60.0,16.05,75.0,10000.0,3.1,
728894,-4.34,1016.0,87.0,-5.97,100.0,10000.0,3.1,
3594032,39.02,1011.0,17.0,9.54,75.0,10000.0,9.3,
1599992,15.94,1018.0,85.0,13.42,75.0,10000.0,2.1,
3575645,38.47,1011.0,25.0,14.95,40.0,10000.0,1.5,
3493563,30.04,1013.0,37.0,13.77,40.0,10000.0,5.7,
1333795,12.6,1021.0,96.0,11.98,20.0,10000.0,6.7,
1969435,18.69,1017.0,90.0,17.02,75.0,6437.0,4.1,
1309565,12.13,1026.0,89.0,10.37,100.0,10000.0,4.6,0.3
3726202,27.95,1009.0,61.0,19.73,75.0,10000.0,7.7,2.09
337387,-4.79,1028.0,84.0,-6.82,100.0,10000.0,3.1,
3301859,28.61,1013.0,76.0,23.96,75.0,10000.0,5.7,0.9
932044,-4.4,1025.0,71.0,-8.36,100.0,10000.0,2.6,
3716288,22.1,1010.0,88.0,20.02,100.0,10000.0,3.1,
3700701,24.41,1011.0,73.0,19.26,0.0,10000.0,2.1,
4718774,-7.93,1021.0,80.0,-10.46,0.0,10000.0,2.6,
3748893,25.03,1015.0,64.0,17.75,20.0,10000.0,4.1,
2829838,18.33,1008.0,92.0,17.01,100.0,8047.0,6.2,4.6
4304968,37.21,1011.0,15.0,6.27,0.0,10000.0,6.2,
3886884,27.17,1019.0,39.0,12.03,75.0,10000.0,3.6,
1542008,13.19,1005.0,93.0,12.08,100.0,2414.0,5.7,0.89
4155962,16.08,1026.0,72.0,11.04,75.0,10000.0,3.1,
607529,-3.19,1017.0,71.0,-7.19,100.0,10000.0,7.2,
418768,14.48,1021.0,46.0,3.01,0.0,10000.0,5.7,
1046064,3.31,1025.0,78.0,-0.13,75.0,10000.0,0.0,
4722116,-11.44,1022.0,83.0,-13.5,0.0,10000.0,4.1,
3181706,20.96,1013.0,84.0,18.15,75.0,10000.0,4.1,
197626,8.16,1024.0,92.0,6.94,100.0,1207.0,2.6,
1534767,7.72,1011.0,95.0,6.97,100.0,4828.0,4.6,0.5
850995,-4.45,1015.0,47.0,-13.03,75.0,10000.0,1.5,
489573,1.93,1001.0,89.0,0.31,100.0,8047.0,8.2,3.23
55343,-0.31,1012.0,88.0,-1.85,100.0,1609.0,5.1,
77461,-15.59,1035.0,59.0,-21.16,100.0,10000.0,6.2,
898433,-7.05,1037.0,39.0,-17.47,20.0,10000.0,2.1,
31655,-3.25,1030.0,74.0,-6.77,40.0,10000.0,0.0,
2287095,26.83,1023.0,62.0,18.94,100.0,10000.0,4.6,
516596,6.1,1020.0,76.0,2.19,75.0,10000.0,4.1,
15575,4.57,1020.0,72.0,-0.03,0.0,10000.0,1.5,
2135156,15.33,1010.0,80.0,11.9,75.0,10000.0,2.1,
870986,-3.53,1033.0,52.0,-11.05,0.0,10000.0,5.7,
119576,-19.54,1027.0,67.0,-23.66,100.0,10000.0,7.7,
334257,3.9,1023.0,54.0,-4.03,75.0,10000.0,4.1,
877562,10.86,1013.0,84.0,8.27,20.0,10000.0,4.1,
2685446,31.12,1016.0,64.0,23.5,75.0,10000.0,5.7,
2841469,14.84,1014.0,90.0,13.22,100.0,10000.0,9.8,2.0
4803110,4.45,994.0,77.0,0.78,75.0,10000.0,8.2,0.24
2719402,23.62,1008.0,70.0,17.83,100.0,10000.0,3.6,
4133867,27.77,1016.0,62.0,19.83,75.0,10000.0,6.7,0.19
987543,-1.04,1036.0,79.0,-3.85,40.0,10000.0,0.0,
3734436,27.04,1015.0,93.0,25.81,40.0,10000.0,0.0,
2260101,26.1,1015.0,84.0,23.18,75.0,10000.0,4.1,
4666025,7.1,1036.0,57.0,-0.74,40.0,10000.0,1.5,
4501312,11.64,1022.0,76.0,7.56,100.0,10000.0,2.6,
4616084,12.01,1027.0,37.0,-1.96,20.0,10000.0,5.7,
5328840,13.01,1022.0,84.0,10.37,75.0,10000.0,4.1,0.28
5162105,11.97,1030.0,32.0,-3.72,100.0,10000.0,3.1,
657814,-12.26,1019.0,51.0,-19.5,0.0,10000.0,10.8,
2455506,20.45,1017.0,84.0,17.66,75.0,10000.0,0.0,
1784682,21.34,1011.0,99.0,21.18,100.0,4023.0,3.6,
2788128,30.4,1019.0,76.0,25.69,100.0,3219.0,12.9,15.4
3539198,31.71,1014.0,57.0,22.14,40.0,10000.0,6.7,
488541,-20.03,1022.0,77.0,-22.72,0.0,10000.0,2.1,
133171,-4.26,1032.0,54.0,-11.32,100.0,10000.0,7.7,
3993435,12.76,1014.0,82.0,9.77,20.0,10000.0,2.1,
2732414,27.09,1027.0,18.0,0.76,0.0,10000.0,5.1,
95976,-11.69,1020.0,72.0,-15.29,100.0,10000.0,11.8,
2308340,18.82,1016.0,90.0,17.15,100.0,10000.0,3.6,
748715,-8.89,1024.0,52.0,-16.11,20.0,10000.0,4.6,
583292,16.51,1021.0,85.0,13.98,20.0,9656.0,0.0,
5210769,12.95,1018.0,93.0,11.85,100.0,3219.0,6.7,1.9
2333221,25.85,1024.0,66.0,19.02,75.0,10000.0,3.1,0.64
516385,-12.61,1027.0,80.0,-15.05,66.0,,2.02,
1383289,23.0,1022.0,78.0,18.96,100.0,10000.0,3.6,
3727477,25.59,1016.0,79.0,21.68,40.0,10000.0,5.7,
2322378,20.06,1018.0,80.0,16.51,100.0,10000.0,3.1,
10208,4.77,1021.0,40.0,-6.82,40.0,10000.0,5.7,
1412986,14.0,1009.0,32.0,-2.14,75.0,10000.0,4.1,
1883813,24.1,1017.0,38.0,8.91,20.0,10000.0,1.5,
3576873,32.35,1014.0,47.0,19.6,40.0,10000.0,5.7,0.9
4057555,25.07,1014.0,56.0,15.69,100.0,10000.0,4.6,
3434275,30.0,1014.0,32.0,11.52,40.0,10000.0,3.6,
4643295,12.09,1022.0,79.0,8.56,75.0,10000.0,4.6,
4558305,14.11,1005.0,61.0,6.71,100.0,10000.0,5.1,
5218495,21.0,1013.0,86.0,18.57,75.0,10000.0,6.7,0.11
1427671,1.81,1017.0,82.0,-0.82,100.0,10000.0,2.6,
4367122,23.82,1011.0,81.0,20.36,100.0,10000.0,1.5,0.18
3733880,21.52,1015.0,96.0,20.86,40.0,10000.0,0.0,1.05
1715448,11.09,990.0,96.0,10.48,100.0,4023.0,1.5,
1540552,11.64,1007.0,100.0,11.64,100.0,1207.0,1.5,0.29
2956835,16.61,1015.0,77.0,12.57,0.0,10000.0,6.7,
730821,-3.53,1016.0,73.0,-7.2,20.0,10000.0,4.1,
3180696,15.9,1012.0,82.0,12.83,40.0,10000.0,3.6,
2696331,27.15,1019.0,87.0,24.8,40.0,10000.0,2.6,
901691,-3.96,1039.0,71.0,-7.94,75.0,10000.0,0.0,
1697339,19.03,1011.0,91.0,17.53,100.0,2414.0,3.6,1.0
3736839,26.7,1014.0,84.0,23.77,100.0,10000.0,3.6,
540244,4.45,1031.0,76.0,0.59,100.0,10000.0,5.7,
830802,11.5,1016.0,60.0,4.01,40.0,10000.0,2.1,
2424343,12.71,1015.0,80.0,9.35,75.0,10000.0,5.7,
4759597,3.99,1028.0,79.0,0.68,75.0,9656.0,3.6,
3218404,32.66,1015.0,49.0,20.55,20.0,10000.0,3.1,
876488,18.92,1017.0,92.0,17.59,75.0,10000.0,2.6,0.85
1612709,18.81,1014.0,78.0,14.9,100.0,10000.0,7.2,
2110594,16.46,1025.0,51.0,6.3,100.0,10000.0,5.7,
4437929,9.52,1022.0,79.0,6.06,0.0,10000.0,0.0,
941420,7.08,1016.0,96.0,6.49,100.0,2414.0,3.1,0.3
386657,-1.81,1014.0,74.0,-5.37,100.0,9656.0,6.7,
4655873,14.24,1019.0,57.0,5.85,20.0,10000.0,2.6,
2304442,19.52,1024.0,91.0,18.01,40.0,4828.0,4.1,6.6
779843,-1.27,1008.0,92.0,-2.27,100.0,10000.0,1.5,
3665336,20.49,1011.0,53.0,10.59,0.0,10000.0,1.5,
2794803,17.89,1015.0,86.0,15.52,20.0,10000.0,0.0,
107861,3.65,1023.0,44.0,-6.63,75.0,10000.0,9.8,
2036297,22.32,1009.0,93.0,21.13,100.0,10000.0,5.7,0.12
474353,10.42,1015.0,96.0,9.81,40.0,10000.0,0.0,
5222946,20.52,1018.0,92.0,19.18,100.0,9656.0,2.1,28.2
3304853,29.0,1014.0,49.0,17.21,75.0,10000.0,2.1,
509908,-8.32,1021.0,73.0,-11.86,40.0,10000.0,3.1,
2881087,23.92,1014.0,71.0,18.34,40.0,10000.0,4.1,
2036051,19.63,1010.0,90.0,17.95,100.0,10000.0,6.7,
2901767,24.11,1016.0,93.0,22.91,100.0,9656.0,2.6,
2481391,15.4,1014.0,80.0,11.97,100.0,10000.0,2.6,
2996001,31.06,1022.0,66.0,23.96,75.0,10000.0,2.1,
302377,3.43,1021.0,62.0,-2.79,40.0,10000.0,1.5,
4314023,10.9,1024.0,73.0,6.26,0.0,10000.0,2.6,
4072489,31.0,1009.0,44.0,17.32,75.0,10000.0,7.2,
714236,-5.71,1009.0,80.0,-8.28,100.0,8047.0,2.6,
1865689,13.8,1011.0,86.0,11.5,100.0,9656.0,4.1,1.8
3137333,32.32,1011.0,52.0,21.21,75.0,10000.0,3.6,
844218,-5.78,1009.0,60.0,-11.59,0.0,10000.0,2.6,
1141980,,,,,,,,
1943241,14.43,1013.0,74.0,9.86,100.0,10000.0,2.6,
1107007,25.57,1019.0,67.0,18.99,20.0,10000.0,9.3,
741399,2.76,1028.0,33.0,-10.62,0.0,10000.0,6.2,
53843,-0.05,1009.0,92.0,-1.06,100.0,8047.0,4.6,
708600,-8.86,1024.0,36.0,-19.98,100.0,10000.0,2.6,
853992,4.73,1012.0,82.0,1.92,100.0,10000.0,6.2,
4876939,15.19,1014.0,88.0,13.22,100.0,3219.0,5.1,0.5
2777984,14.88,1020.0,82.0,11.84,75.0,10000.0,3.6,
2542743,25.02,1015.0,86.0,22.51,75.0,10000.0,4.1,
604803,12.62,1018.0,61.0,5.31,75.0,10000.0,2.6,0.31
2758632,23.76,1020.0,74.0,18.85,75.0,10000.0,2.6,
4212703,13.33,1019.0,80.0,9.96,40.0,10000.0,3.1,
5290656,-1.54,1033.0,86.0,-3.34,100.0,6437.0,8.8,
3115006,26.81,1019.0,30.0,7.8,75.0,10000.0,4.6,
5289684,-3.36,1031.0,84.0,-5.41,100.0,8047.0,3.6,
5197442,5.27,998.0,86.0,3.12,100.0,10000.0,3.6,
2614083,31.85,1018.0,55.0,21.69,40.0,10000.0,1.5,
2709630,25.34,1014.0,68.0,19.01,75.0,10000.0,4.1,
665152,-8.08,1022.0,58.0,-14.16,100.0,10000.0,7.2,
1541206,12.35,1008.0,96.0,11.73,100.0,2414.0,4.1,7.9
2108491,17.5,1029.0,21.0,-4.48,75.0,10000.0,5.7,
2078428,31.7,1020.0,47.0,19.01,75.0,10000.0,4.1,
4095692,20.01,1017.0,64.0,13.0,20.0,10000.0,4.6,
789408,-3.3,1025.0,87.0,-4.94,100.0,1609.0,3.6,
2735157,23.28,1003.0,84.0,20.42,75.0,10000.0,4.1,
4715145,1.9,1013.0,88.0,0.13,100.0,9656.0,6.2,
1717324,10.74,1011.0,83.0,7.97,100.0,8047.0,13.9,2.55
552487,14.4,1019.0,80.0,11.0,75.0,10000.0,5.1,
4033079,23.57,1010.0,73.0,18.45,0.0,10000.0,2.1,
372738,24.03,1016.0,86.0,21.54,40.0,,4.27,
2528714,21.89,1006.0,82.0,18.68,100.0,10000.0,6.2,0.36
427766,-2.61,1020.0,62.0,-8.18,100.0,10000.0,5.1,
5167991,8.89,1022.0,85.0,6.51,0.0,10000.0,0.0,
3446542,26.08,1013.0,82.0,22.77,40.0,10000.0,2.6,
2763013,12.5,1019.0,89.0,10.74,100.0,10000.0,2.6,
4837732,-5.59,1023.0,83.0,-7.74,100.0,10000.0,1.5,
583770,16.82,1011.0,77.0,12.77,20.0,10000.0,6.2,
1673596,26.73,1019.0,75.0,21.93,75.0,10000.0,3.6,0.41
997705,7.1,1031.0,53.0,-1.61,75.0,10000.0,4.12,
3990732,17.45,1012.0,68.0,11.49,0.0,10000.0,1.5,
2822721,33.86,1014.0,44.0,19.9,75.0,10000.0,5.7,
2981789,33.0,1021.0,54.0,22.45,75.0,10000.0,3.6,
3982490,16.97,1012.0,58.0,8.66,20.0,10000.0,5.1,
1701161,13.38,1010.0,38.0,-0.56,75.0,10000.0,3.6,
1834720,13.63,1007.0,43.0,1.3,100.0,10000.0,6.7,0.12
943938,-2.92,1025.0,45.0,-12.08,75.0,10000.0,3.6,
3986208,27.57,1014.0,87.0,25.21,40.0,9000.0,5.1,
4397820,17.46,1016.0,49.0,6.64,40.0,10000.0,4.6,
3690958,34.39,1019.0,43.0,20.0,40.0,10000.0,4.1,
4167159,10.19,1003.0,89.0,8.46,100.0,10000.0,5.1,1.8
1048817,24.1,1019.0,87.0,21.8,75.0,10000.0,6.2,
2529590,23.66,1019.0,62.0,15.96,75.0,10000.0,5.1,0.1
2337203,23.16,1024.0,44.0,10.25,20.0,10000.0,3.6,
3011297,26.76,1015.0,76.0,22.18,100.0,10000.0,9.8,0.17
3151408,24.19,1017.0,39.0,9.38,40.0,10000.0,2.1,
1676273,23.6,1018.0,45.0,10.98,75.0,10000.0,3.6,
2983351,25.91,1014.0,76.0,21.35,75.0,4023.0,5.1,1.5
2783139,31.96,1021.0,61.0,23.5,75.0,10000.0,3.6,0.2
2260425,24.59,1015.0,87.0,22.28,75.0,10000.0,5.1,
3361864,26.78,1015.0,76.0,22.19,20.0,10000.0,2.6,
2439739,15.47,1016.0,80.0,12.04,100.0,10000.0,3.1,
5218393,9.97,1007.0,63.0,3.26,20.0,10000.0,0.0,
4226715,25.26,1016.0,64.0,17.97,100.0,10000.0,6.7,0.88
921426,19.2,1025.0,98.0,18.88,100.0,402.0,2.1,
2010709,22.86,1020.0,61.0,14.95,0.0,10000.0,0.0,
4070721,32.61,1014.0,47.0,19.83,40.0,10000.0,2.1,0.14
4542027,23.7,1018.0,68.0,17.45,100.0,10000.0,2.1,
3740826,26.92,1016.0,71.0,21.22,40.0,10000.0,3.6,
3684822,23.04,1021.0,89.0,21.13,100.0,10000.0,1.5,0.17
3688483,30.69,1020.0,68.0,24.1,75.0,10000.0,3.1,
3119757,33.35,1009.0,47.0,20.5,0.0,10000.0,5.7,
763556,14.11,1017.0,75.0,9.75,100.0,10000.0,6.7,
1037014,11.01,1016.0,43.0,-0.95,0.0,10000.0,4.12,
921593,1.63,1031.0,92.0,0.47,100.0,10000.0,4.6,
1468811,13.61,1020.0,71.0,8.46,75.0,10000.0,3.6,0.5
1081882,8.39,1020.0,37.0,-4.83,100.0,10000.0,5.1,
3011213,26.76,1015.0,76.0,22.18,100.0,10000.0,9.8,0.17
3359426,25.03,1014.0,95.0,24.17,0.0,10000.0,1.5,
5267549,5.59,1005.0,89.0,3.92,100.0,10000.0,13.4,4.05
1576364,21.81,1021.0,49.0,10.63,20.0,10000.0,2.6,
747804,3.89,1028.0,93.0,2.86,0.0,10000.0,0.0,
3962372,11.03,1016.0,89.0,9.29,75.0,10000.0,1.5,
433268,-1.42,1030.0,92.0,-2.42,100.0,10000.0,0.0,
1989765,12.32,1023.0,71.0,7.22,20.0,10000.0,0.0,
3869178,27.5,1021.0,54.0,17.37,20.0,10000.0,2.6,
47501,3.97,1015.0,86.0,1.84,100.0,10000.0,6.7,0.11
4027934,24.75,1016.0,90.0,23.0,0.0,10000.0,4.1,
487027,1.57,1007.0,90.0,0.11,100.0,1600.0,9.8,
3725005,29.54,1015.0,59.0,20.68,75.0,10000.0,3.1,0.1
303513,1.67,1013.0,85.0,-0.51,100.0,6437.0,4.1,
4515520,11.37,1015.0,80.0,8.05,40.0,10000.0,3.6,
4793600,9.9,1032.0,86.0,7.67,0.0,10000.0,1.5,
1565531,12.67,1009.0,81.0,9.5,100.0,10000.0,7.2,0.14
2529732,29.79,1016.0,61.0,21.46,75.0,10000.0,6.2,
3476656,40.76,1010.0,6.0,-3.37,40.0,10000.0,8.2,
5211363,18.28,1000.0,78.0,14.38,100.0,10000.0,10.8,
2136819,21.68,1012.0,85.0,19.05,75.0,10000.0,6.7,
2920661,20.99,1015.0,47.0,9.26,20.0,10000.0,5.1,
3071460,29.69,1017.0,35.0,12.61,0.0,10000.0,3.1,
4329469,15.91,1016.0,72.0,10.87,0.0,10000.0,4.1,
3983828,30.3,1014.0,65.0,22.98,75.0,10000.0,6.7,
524517,,,,,,,,
5150047,1.27,983.0,63.0,-4.42,100.0,10000.0,6.2,
499545,-10.0,1016.0,63.0,-15.1,20.0,10000.0,4.6,
2687570,32.61,1018.0,52.0,21.47,40.0,10000.0,7.7,1.05
5033760,-2.13,1010.0,80.0,-4.77,100.0,10000.0,3.6,
3015761,34.87,1020.0,33.0,16.22,75.0,10000.0,3.6,
2565715,21.28,1015.0,60.0,13.21,75.0,10000.0,4.1,
4292332,25.18,1014.0,88.0,23.05,0.0,10000.0,0.0,
1439465,20.54,1015.0,87.0,18.3,100.0,10000.0,4.1,
3807722,28.04,1009.0,65.0,20.85,40.0,10000.0,3.6,0.2
722261,21.87,1013.0,74.0,17.03,75.0,10000.0,9.3,
3957633,20.09,1013.0,93.0,18.92,40.0,10000.0,2.6,
448576,0.0,1011.0,81.0,-2.53,100.0,10000.0,3.1,
41798,-1.57,1038.0,52.0,-9.2,100.0,10000.0,2.1,
3433587,15.3,1027.0,64.0,8.54,75.0,10000.0,1.5,
4179415,29.14,1021.0,35.0,12.13,40.0,10000.0,3.1,
546015,-6.7,1021.0,38.0,-17.42,20.0,10000.0,10.8,
2074919,17.71,1015.0,47.0,6.27,75.0,10000.0,10.8,
4381325,23.84,1012.0,73.0,18.71,75.0,10000.0,2.1,0.67
895448,-1.97,1029.0,88.0,-3.49,100.0,4828.0,4.6,
2936510,25.67,1021.0,47.0,13.53,20.0,10000.0,2.6,
2616596,31.81,1016.0,45.0,18.41,75.0,10000.0,1.5,
4145712,26.33,1026.0,35.0,9.66,20.0,10000.0,2.1,
4539041,5.93,1024.0,100.0,5.93,100.0,201.0,4.1,
199263,-7.73,1036.0,67.0,-12.24,40.0,10000.0,2.1,
4476534,20.72,1008.0,70.0,15.06,100.0,10000.0,5.7,
3839334,26.98,1014.0,80.0,23.23,40.0,10000.0,4.6,9.81
5054698,-0.61,1000.0,86.0,-2.42,100.0,2012.0,5.1,
2643412,14.49,1023.0,69.0,8.88,20.0,10000.0,2.6,
77104,-15.99,1034.0,62.0,-21.03,100.0,10000.0,6.2,
1175141,12.22,1021.0,54.0,3.19,100.0,10000.0,5.1,
3942213,27.41,1011.0,34.0,10.17,75.0,10000.0,3.6,
2691135,20.0,1013.0,88.0,17.95,100.0,10000.0,0.0,
2357371,16.04,1014.0,71.0,10.79,75.0,10000.0,3.6,
4129414,23.98,1011.0,74.0,19.06,75.0,10000.0,2.6,
3134867,26.06,1005.0,75.0,21.28,100.0,10000.0,3.1,
5282915,-0.79,1024.0,78.0,-3.76,100.0,9656.0,8.8,
2382285,20.03,1018.0,73.0,15.05,100.0,10000.0,4.1,
2634375,41.71,1007.0,11.0,5.27,20.0,10000.0,2.1,
4566876,9.76,1013.0,87.0,7.7,0.0,10000.0,2.6,
1533704,22.44,1013.0,74.0,17.58,75.0,10000.0,4.6,
3734455,24.24,1014.0,90.0,22.49,100.0,4828.0,4.1,1.45
5181454,19.08,1020.0,78.0,15.16,40.0,10000.0,4.6,0.51
1158889,2.29,1027.0,41.0,-8.54,100.0,10000.0,7.7,
4441917,11.79,1008.0,50.0,1.72,100.0,10000.0,5.7,
3145456,26.76,1011.0,14.0,-2.6,0.0,10000.0,4.1,
61486,-6.44,1021.0,73.0,-10.03,100.0,4828.0,7.7,
1641440,0.67,1019.0,88.0,-0.96,100.0,3219.0,5.1,
965071,-3.33,1020.0,71.0,-7.33,100.0,10000.0,8.8,
3231458,20.91,1014.0,87.0,18.67,100.0,10000.0,2.1,
2533284,33.19,1014.0,44.0,19.3,75.0,10000.0,2.6,
4947613,7.41,1025.0,78.0,3.83,40.0,10000.0,0.0,
3391063,25.0,1010.0,88.0,22.87,100.0,805.0,7.7,11.4
1643987,21.3,1017.0,78.0,17.31,75.0,10000.0,0.0,
2633077,25.32,1013.0,93.0,24.11,100.0,10000.0,3.1,
881007,11.19,1008.0,35.0,-3.27,40.0,10000.0,4.1,
3969203,29.14,1015.0,84.0,26.16,75.0,10000.0,3.1,8.9
1667848,21.32,1018.0,98.0,20.99,100.0,402.0,3.1,
5221219,20.24,1014.0,87.0,18.01,100.0,10000.0,5.7,
1743057,17.73,1016.0,75.0,13.25,0.0,10000.0,1.5,
3418941,29.5,1015.0,68.0,22.97,40.0,10000.0,7.2,1.65
4743919,11.77,1017.0,27.0,-5.86,40.0,10000.0,2.6,
2091262,7.16,1009.0,94.0,6.26,100.0,3219.0,5.7,1.25
1795710,23.96,1007.0,90.0,22.22,100.0,8047.0,2.1,
4165916,22.3,1015.0,61.0,14.42,40.0,10000.0,5.7,
1457746,10.42,1020.0,63.0,3.69,75.0,10000.0,9.3,
549822,-0.82,973.0,95.0,-1.44,100.0,6437.0,2.1,
4693794,14.36,1017.0,56.0,5.71,20.0,10000.0,6.2,
1541887,22.72,1018.0,71.0,17.19,40.0,10000.0,5.7,
29783,-4.24,1028.0,52.0,-11.72,20.0,10000.0,2.1,
498295,-2.78,997.0,80.0,-5.41,100.0,402.0,6.2,
1789504,20.31,1009.0,93.0,19.14,100.0,10000.0,4.6,4.14
143415,-18.55,1030.0,71.0,-22.11,0.0,10000.0,3.6,
2117128,21.11,1013.0,87.0,18.86,100.0,10000.0,4.6,
1420637,17.23,1003.0,83.0,14.32,100.0,10000.0,10.3,
163646,-1.96,1025.0,63.0,-7.38,100.0,10000.0,5.1,
2718619,33.13,1018.0,56.0,23.17,75.0,10000.0,2.6,
3033955,20.61,1017.0,56.0,11.53,75.0,10000.0,0.0,
1033934,13.97,1023.0,44.0,1.92,100.0,10000.0,2.1,
1884634,25.73,1016.0,31.0,7.35,20.0,10000.0,0.0,
1995055,7.34,1015.0,86.0,5.16,100.0,10000.0,2.6,
312793,7.4,1018.0,71.0,2.49,20.0,10000.0,4.1,
3065042,33.0,1021.0,58.0,23.63,75.0,10000.0,3.6,
3574154,25.28,1016.0,62.0,17.48,100.0,10000.0,4.1,
5313691,5.21,1025.0,92.0,4.02,40.0,10000.0,0.0,
268644,13.1,1023.0,68.0,7.34,75.0,10000.0,1.5,
3409553,30.19,1013.0,48.0,17.97,75.0,10000.0,3.6,3.79
2790966,20.22,1018.0,89.0,18.35,40.0,10000.0,0.0,
2290127,12.92,1016.0,80.0,9.56,100.0,10000.0,3.6,
2808183,27.33,1011.0,59.0,18.62,100.0,10000.0,6.2,
1948421,24.91,1027.0,46.0,12.51,0.0,10000.0,5.7,
71718,-19.07,1037.0,70.0,-22.76,20.0,10000.0,5.7,
4667534,20.24,1015.0,83.0,17.26,100.0,10000.0,5.7,0.7
5259725,8.24,1006.0,91.0,6.86,100.0,10000.0,10.3,0.3
1234922,12.34,1021.0,33.0,-3.07,0.0,10000.0,4.1,
1820721,24.33,1014.0,20.0,-0.04,0.0,10000.0,5.1,
3721537,18.85,1014.0,40.0,4.98,0.0,6437.0,1.5,
480498,1.1,1022.0,53.0,-6.58,75.0,10000.0,4.1,
4933490,4.59,1033.0,69.0,-0.53,0.0,10000.0,2.1,
847341,1.32,1015.0,60.0,-4.95,0.0,10000.0,2.1,
4844414,8.7,1021.0,62.0,1.83,0.0,10000.0,1.5,
4892832,12.21,1018.0,38.0,-1.48,0.0,10000.0,1.5,
4453428,15.84,1017.0,92.0,14.54,20.0,10000.0,4.1,
696637,-2.47,1020.0,81.0,-4.96,100.0,10000.0,4.6,
664840,18.32,1028.0,61.0,10.68,75.0,10000.0,2.1,
4250427,28.12,1013.0,84.0,25.16,0.0,10000.0,7.2,
2549206,30.57,1006.0,45.0,17.29,75.0,10000.0,6.7,
3053637,,,,,,,,
539334,19.11,1013.0,94.0,18.12,100.0,4828.0,3.6,0.2
3443060,21.46,1010.0,72.0,16.21,40.0,10000.0,4.6,
759119,-3.6,1021.0,25.0,-19.04,20.0,10000.0,3.6,
1209421,18.72,1017.0,16.0,-6.75,0.0,10000.0,2.6,
1262719,-1.19,1026.0,92.0,-2.19,100.0,1600.0,4.1,
418744,-2.94,1023.0,41.0,-13.13,0.0,10000.0,6.2,
3992404,27.74,1016.0,77.0,23.34,20.0,10000.0,0.0,
4132122,33.47,1011.0,39.0,17.62,20.0,10000.0,4.1,
3593449,38.41,1015.0,33.0,19.29,75.0,10000.0,4.1,
487008,-7.88,1015.0,83.0,-10.0,100.0,2414.0,8.8,
932796,12.48,1020.0,97.0,12.02,100.0,402.0,1.5,
100056,-9.54,1038.0,95.0,-10.12,100.0,4828.0,5.1,
3951247,32.96,1016.0,53.0,22.11,75.0,10000.0,2.1,
3356016,39.13,1011.0,21.0,12.82,75.0,10000.0,1.5,
66460,-17.29,1039.0,61.0,-22.44,0.0,10000.0,5.7,
851182,-4.45,1015.0,47.0,-13.03,75.0,10000.0,1.5,
3777669,23.04,1017.0,84.0,20.19,40.0,10000.0,3.1,
2024681,21.88,1011.0,96.0,21.21,100.0,8000.0,7.7,
2535117,27.29,1016.0,46.0,14.67,40.0,10000.0,6.7,
4033908,16.07,1011.0,40.0,2.48,0.0,10000.0,3.1,
2256197,21.79,1013.0,34.0,5.25,40.0,10000.0,2.6,
1532041,23.41,1008.0,75.0,18.73,75.0,10000.0,10.3,
2891018,16.9,1007.0,90.0,15.25,40.0,10000.0,3.1,
2789012,24.22,1020.0,73.0,19.08,75.0,10000.0,2.6,2.23
1536883,15.09,1015.0,60.0,7.39,75.0,10000.0,0.0,
1585152,9.44,1021.0,82.0,6.53,75.0,10000.0,0.0,
2632943,13.46,1021.0,80.0,10.08,100.0,10000.0,6.2,0.29
3968118,30.06,1016.0,61.0,21.71,100.0,10000.0,5.1,1.6
953021,7.96,1017.0,93.0,6.9,100.0,402.0,4.12,
1219066,2.43,1027.0,55.0,-5.04,100.0,8047.0,4.1,0.36
4950272,0.0,1023.0,100.0,0.0,100.0,402.0,3.1,
4257095,28.94,1012.0,70.0,22.92,75.0,10000.0,5.1,0.14
5052788,2.28,1001.0,91.0,0.96,100.0,2012.0,6.2,
1306525,25.23,1020.0,78.0,21.12,40.0,10000.0,10.3,
1345821,1.74,1020.0,61.0,-4.4,40.0,10000.0,5.7,
2764380,25.95,1015.0,78.0,21.82,40.0,10000.0,3.6,
4488342,17.8,1015.0,53.0,8.1,75.0,10000.0,2.1,
2967026,31.13,1019.0,64.0,23.51,20.0,10000.0,6.7,
876270,-2.85,1031.0,48.0,-11.3,100.0,10000.0,6.7,
5232335,19.1,1022.0,87.0,16.89,75.0,10000.0,4.1,
4178251,26.06,1016.0,54.0,16.04,20.0,10000.0,8.8,
4643817,10.8,1005.0,50.0,0.8,100.0,10000.0,6.2,
2692427,17.43,1017.0,73.0,12.54,100.0,10000.0,2.6,
2350592,25.32,1017.0,73.0,20.13,100.0,3219.0,10.3,
4369265,14.84,1018.0,71.0,9.64,40.0,10000.0,8.2,
1290342,-1.73,1029.0,78.0,-4.68,0.0,10000.0,0.0,
5183031,13.27,1016.0,94.0,12.33,100.0,4023.0,3.1,1.15
2755704,26.64,1016.0,75.0,21.84,100.0,10000.0,5.1,
2299743,27.28,1023.0,69.0,21.09,75.0,10000.0,5.7,
264773,9.69,1026.0,89.0,7.97,100.0,1609.0,2.1,
2212274,17.95,1019.0,80.0,14.45,100.0,10000.0,6.7,
1928884,21.64,1015.0,37.0,6.34,75.0,10000.0,5.1,
91598,-5.46,1022.0,80.0,-8.04,100.0,1600.0,1.5,
117595,9.24,1021.0,40.0,-3.23,100.0,10000.0,7.7,1.03
4918527,5.09,1027.0,73.0,0.66,0.0,10000.0,5.1,
2604063,23.94,1017.0,93.0,22.74,75.0,9656.0,0.0,
95652,13.55,1023.0,88.0,11.6,20.0,10000.0,3.1,
2287759,17.96,1010.0,100.0,17.96,100.0,10000.0,8.2,0.5
2054154,24.65,1014.0,87.0,22.34,100.0,10000.0,2.1,0.13
3437431,31.2,1009.0,41.0,16.39,40.0,10000.0,6.2,0.12
12608,-1.19,1015.0,50.0,-9.28,75.0,10000.0,6.7,
1766011,1.49,1012.0,57.0,-5.41,100.0,10000.0,7.2,
3723169,29.7,1018.0,57.0,20.27,40.0,10000.0,4.6,
5055214,12.2,1018.0,89.0,10.44,100.0,10000.0,2.6,
3239365,19.73,1012.0,67.0,13.44,40.0,10000.0,8.8,
5102111,12.98,1006.0,67.0,7.0,100.0,10000.0,7.7,
1037278,15.83,1024.0,42.0,2.95,100.0,10000.0,4.12,
2823304,34.44,1016.0,29.0,13.84,0.0,10000.0,3.1,
2943138,30.93,1007.0,44.0,17.26,75.0,10000.0,2.1,
4133217,35.63,1009.0,33.0,16.88,20.0,10000.0,2.6,
2831588,16.68,1022.0,67.0,10.53,0.0,10000.0,3.6,
5057738,-8.18,1008.0,91.0,-9.25,40.0,10000.0,1.5,
936654,-0.28,1003.0,48.0,-8.89,20.0,10000.0,5.7,
1568332,17.12,1019.0,80.0,13.65,100.0,10000.0,1.5,
3307136,21.52,1014.0,73.0,16.48,40.0,10000.0,0.0,
5257359,4.24,1018.0,85.0,1.95,100.0,9656.0,8.2,0.8
20588,3.2,1021.0,93.0,2.18,100.0,4023.0,3.1,
2055668,24.72,1015.0,87.0,22.41,75.0,9656.0,3.6,0.12
1322635,26.19,1019.0,12.0,-4.81,40.0,10000.0,4.6,
4720419,-9.39,1022.0,83.0,-11.48,0.0,10000.0,3.6,
4903459,7.82,1029.0,85.0,5.46,0.0,10000.0,3.1,
3838224,23.93,1015.0,92.0,22.55,75.0,6437.0,7.2,20.8
4683487,10.4,1017.0,54.0,1.5,40.0,10000.0,9.3,
935582,4.75,1017.0,100.0,4.75,100.0,3219.0,2.1,0.5
2034619,23.25,1008.0,90.0,21.52,75.0,10000.0,6.7,
4666157,28.06,1017.0,69.0,21.84,75.0,10000.0,8.8,0.31
76475,-15.96,1035.0,62.0,-21.0,100.0,10000.0,6.2,
1792217,20.78,1006.0,93.0,19.61,100.0,8047.0,3.6,
596715,-8.25,1022.0,83.0,-10.36,100.0,805.0,5.7,
2128324,20.13,1013.0,89.0,18.26,100.0,10000.0,1.5,
4554514,9.49,1005.0,60.0,2.12,75.0,10000.0,2.6,
352473,-0.38,1012.0,69.0,-4.8,100.0,10000.0,4.1,
3123746,15.65,1014.0,69.0,9.99,20.0,10000.0,4.1,
363082,13.05,1020.0,41.0,0.11,75.0,10000.0,1.5,
3554722,20.95,1017.0,68.0,14.83,75.0,10000.0,7.2,
4515844,11.37,1015.0,80.0,8.05,40.0,10000.0,3.6,
1712715,17.24,1004.0,93.0,16.1,100.0,3219.0,5.7,3.12
4791959,13.3,1020.0,90.0,11.7,100.0,4828.0,6.7,2.8
692048,20.65,1016.0,31.0,2.94,0.0,10000.0,1.5,
856880,21.11,1006.0,98.0,20.78,100.0,10000.0,14.4,2.39
1652567,1.14,1018.0,81.0,-1.55,100.0,4023.0,8.2,
2281464,24.07,1013.0,37.0,8.49,20.0,10000.0,2.6,
1798442,22.23,1014.0,92.0,20.87,20.0,10000.0,2.1,
2044738,23.4,1010.0,96.0,22.73,75.0,10000.0,5.7,3.36
4059106,23.38,1011.0,86.0,20.9,100.0,6000.0,5.1,1.7
3336438,31.02,1015.0,58.0,21.79,75.0,10000.0,8.2,
2304999,19.38,1022.0,90.0,17.7,75.0,10000.0,3.6,2.5
2074480,17.37,1005.0,32.0,0.53,40.0,10000.0,7.2,
868542,18.79,1015.0,35.0,3.02,0.0,10000.0,6.7,
4952296,0.55,1025.0,96.0,-0.01,100.0,400.0,2.6,
83911,-15.12,1026.0,82.0,-17.25,40.0,10000.0,1.5,
1114429,16.65,1017.0,90.0,15.0,40.0,10000.0,3.1,
727166,10.17,1022.0,53.0,1.03,28.0,,3.82,
4364879,24.86,1012.0,71.0,19.24,0.0,10000.0,3.6,
4553178,6.99,1026.0,79.0,3.6,100.0,10000.0,4.1,1.35
2312008,22.18,1023.0,93.0,20.99,0.0,10000.0,1.5,
2061726,31.98,1019.0,40.0,16.7,40.0,10000.0,4.6,
101558,-17.62,1034.0,58.0,-23.27,20.0,10000.0,7.7,
2633518,19.81,1011.0,76.0,15.46,75.0,9656.0,4.1,
2145391,24.73,1019.0,84.0,21.84,72.0,,2.98,
91642,-2.02,1021.0,80.0,-4.66,100.0,10000.0,1.5,
1604861,20.02,1011.0,96.0,19.36,100.0,3219.0,4.1,0.3
4980344,21.17,1014.0,95.0,20.34,0.0,10000.0,2.6,
2530340,29.15,1013.0,63.0,21.39,40.0,10000.0,4.1,
2837279,28.85,1026.0,36.0,12.3,40.0,10000.0,4.1,
2096605,10.17,1030.0,54.0,1.29,40.0,10000.0,4.6,
2133003,,,,,,,,
3353328,30.28,1015.0,75.0,25.35,40.0,10000.0,6.7,
677272,-7.35,1011.0,61.0,-12.91,98.0,,3.86,
4442047,-4.8,1013.0,88.0,-6.29,0.0,10000.0,2.6,
4316211,11.93,1015.0,66.0,5.79,0.0,10000.0,2.1,
4824065,-6.57,1018.0,89.0,-7.91,100.0,9656.0,1.5,
2730137,30.75,1021.0,61.0,22.36,40.0,10000.0,3.1,
2600655,26.5,1013.0,64.0,19.14,75.0,10000.0,3.6,
1222499,0.46,1024.0,81.0,-2.14,100.0,1609.0,6.2,0.2
1702726,18.44,1021.0,36.0,3.11,100.0,10000.0,6.2,
1332787,26.7,1013.0,83.0,23.57,40.0,10000.0,7.2,0.33
204439,10.06,1018.0,82.0,7.13,20.0,10000.0,2.6,
1155538,25.35,1021.0,14.0,-3.58,0.0,10000.0,2.6,
1542038,10.69,1017.0,25.0,-7.58,40.0,10000.0,4.6,
3981658,31.75,1015.0,57.0,22.18,75.0,10000.0,2.1,0.2
1436146,16.98,1006.0,58.0,8.67,40.0,10000.0,6.2,
511668,-6.23,1022.0,71.0,-10.14,100.0,10000.0,2.6,
2286323,24.54,1013.0,59.0,16.01,75.0,10000.0,8.2,
3187208,32.51,1018.0,70.0,26.32,75.0,9656.0,10.8,
2029988,26.14,1009.0,76.0,21.58,40.0,10000.0,10.8,4.06
4500552,18.43,1016.0,81.0,15.11,100.0,10000.0,7.2,3.57
4793295,12.64,1022.0,86.0,10.36,100.0,8047.0,6.7,2.0
1642638,16.53,1024.0,28.0,-1.79,75.0,10000.0,5.7,
2018447,20.44,1015.0,87.0,18.2,100.0,10000.0,5.1,1.5
3989929,24.86,1015.0,93.0,23.65,20.0,10000.0,0.0,
550998,5.72,1018.0,25.0,-11.4,75.0,10000.0,6.7,
4073923,23.58,1011.0,72.0,18.24,75.0,10000.0,2.6,2.22
4440033,17.93,1017.0,100.0,17.93,100.0,805.0,1.5,
3443430,26.23,1012.0,82.0,22.91,100.0,10000.0,6.2,0.5
3905900,19.64,1018.0,93.0,18.48,20.0,2816.0,1.5,
1867845,14.55,1013.0,39.0,0.77,40.0,10000.0,4.1,
4718883,12.37,1012.0,76.0,8.26,75.0,10000.0,6.2,0.17
1884218,9.75,1013.0,79.0,6.29,100.0,9656.0,3.1,0.2
1282806,22.12,1014.0,75.0,17.48,75.0,10000.0,7.7,
187549,1.78,1026.0,67.0,-3.26,100.0,10000.0,5.7,
66149,-17.57,1035.0,64.0,-22.22,0.0,10000.0,4.6,
2769824,34.51,1011.0,49.0,22.24,100.0,10000.0,7.2,
1400487,11.26,1014.0,52.0,1.77,75.0,10000.0,2.6,
4977186,11.76,1008.0,66.0,5.62,75.0,10000.0,3.6,
863097,11.17,1013.0,52.0,1.69,20.0,10000.0,3.1,
1595089,26.2,1018.0,69.0,20.06,75.0,10000.0,8.2,
2384329,26.47,1017.0,64.0,19.11,75.0,10000.0,6.2,
3622483,27.17,1017.0,42.0,13.16,40.0,10000.0,3.1,
2035406,22.32,1009.0,90.0,20.6,100.0,10000.0,5.7,0.12
329080,4.6,1026.0,34.0,-8.82,0.0,10000.0,4.6,
521933,-6.03,1017.0,84.0,-8.04,100.0,10000.0,6.2,
1202186,8.03,1028.0,32.0,-6.8,100.0,10000.0,2.1,
36578,-8.0,1013.0,83.0,-10.11,100.0,10000.0,2.1,
674507,-3.89,1005.0,77.0,-6.94,100.0,2816.0,6.7,
3196988,25.94,1013.0,73.0,20.73,75.0,10000.0,5.7,
1789930,17.96,1017.0,22.0,-3.59,100.0,10000.0,3.1,
2582416,27.57,1010.0,58.0,18.57,40.0,10000.0,6.7,
2029805,25.46,1010.0,82.0,22.16,75.0,10000.0,7.7,0.39
500554,-0.67,1028.0,81.0,-3.19,0.0,10000.0,0.0,
1634530,-17.81,1010.0,82.0,-19.9,100.0,10000.0,5.1,
178348,0.5,1023.0,89.0,-0.97,100.0,1609.0,3.1,0.3
2087342,11.24,1012.0,59.0,3.53,75.0,10000.0,6.2,
715940,-4.41,1008.0,81.0,-6.86,100.0,9656.0,3.6,
1777174,23.92,1012.0,84.0,21.05,100.0,10000.0,4.1,
4869461,13.39,1021.0,16.0,-10.62,20.0,10000.0,1.5,
702247,14.09,1013.0,69.0,8.5,20.0,10000.0,2.6,
3920507,30.64,1017.0,44.0,17.0,40.0,10000.0,2.6,
1646831,13.81,1016.0,93.0,12.7,40.0,9656.0,2.1,
2138650,12.39,1014.0,87.0,10.29,40.0,10000.0,2.1,
388131,-3.94,1016.0,73.0,-7.6,100.0,1609.0,9.3,
4386392,14.59,1015.0,77.0,10.61,100.0,10000.0,2.1,
144204,11.93,1015.0,96.0,11.31,75.0,10000.0,0.0,
3493639,25.7,1017.0,39.0,10.72,100.0,10000.0,6.2,
1547046,26.23,1011.0,66.0,19.38,75.0,10000.0,5.7,
4898937,11.81,1026.0,56.0,3.33,75.0,10000.0,5.7,
3703923,13.34,1018.0,61.0,5.98,20.0,10000.0,2.6,
1963693,23.78,1017.0,73.0,18.65,75.0,10000.0,7.2,0.15
1635755,-0.76,1017.0,95.0,-1.38,100.0,1609.0,7.2,
1804065,7.47,1009.0,82.0,4.6,100.0,10000.0,4.1,0.8
3840369,27.54,1013.0,78.0,23.36,75.0,10000.0,4.1,5.14
5217268,20.73,1012.0,89.0,18.85,75.0,10000.0,6.2,
618900,21.43,1015.0,43.0,8.35,0.0,10000.0,3.6,
1226289,-0.35,1019.0,85.0,-2.3,100.0,10000.0,4.6,
1463617,8.14,1024.0,33.0,-6.36,20.0,10000.0,8.2,
5255358,23.37,1020.0,89.0,21.45,40.0,10000.0,3.6,
2888662,25.68,1018.0,94.0,24.64,40.0,2012.0,2.6,0.5
1547915,30.58,1017.0,42.0,16.21,40.0,10000.0,4.6,
1266190,-1.59,1024.0,88.0,-3.12,100.0,805.0,7.2,
1128141,13.24,1023.0,83.0,10.42,100.0,10000.0,5.1,
4490007,17.16,1017.0,58.0,8.84,75.0,10000.0,4.6,
500593,-9.61,1017.0,64.0,-14.56,0.0,10000.0,9.3,
5305942,-0.94,1022.0,81.0,-3.46,100.0,10000.0,3.1,
533931,1.48,1027.0,88.0,-0.25,100.0,9656.0,7.7,
3916534,23.43,1013.0,71.0,17.87,0.0,10000.0,3.1,
2357969,21.95,1014.0,90.0,20.23,80.0,10000.0,2.2,
4718720,-7.93,1021.0,80.0,-10.46,0.0,10000.0,2.6,
1547746,3.99,1006.0,81.0,1.03,100.0,10000.0,6.7,
3087334,27.39,1005.0,82.0,24.04,0.0,10000.0,2.1,
2129772,26.36,1017.0,76.0,21.79,94.0,10000.0,5.1,1.62
1985800,11.12,1020.0,70.0,5.86,0.0,10000.0,6.7,
4103135,7.94,1020.0,90.0,6.4,40.0,10000.0,2.1,
2005541,21.15,1011.0,96.0,20.49,75.0,10000.0,5.7,
1232193,6.72,1019.0,77.0,2.98,100.0,10000.0,5.1,
509965,24.71,1009.0,84.0,21.82,75.0,10000.0,7.7,0.17
3964627,29.25,1017.0,67.0,22.49,75.0,10000.0,3.1,
4713742,27.83,1015.0,73.0,22.54,75.0,10000.0,6.2,0.54
4621241,16.23,1020.0,47.0,4.92,100.0,10000.0,5.7,0.49
2974166,15.53,1017.0,80.0,12.1,100.0,10000.0,3.6,
3384615,28.73,1013.0,74.0,23.63,75.0,10000.0,4.6,
3543341,29.09,1013.0,72.0,23.53,40.0,10000.0,6.7,0.14
2249436,10.27,1025.0,47.0,-0.47,0.0,10000.0,2.1,
48556,9.98,1025.0,79.0,6.51,0.0,10000.0,1.5,
4427152,19.79,1008.0,38.0,5.08,75.0,10000.0,4.1,
3238210,33.73,1011.0,55.0,23.43,75.0,10000.0,2.1,
544777,-10.07,1029.0,47.0,-18.3,20.0,10000.0,5.1,
168498,-0.41,1023.0,63.0,-5.89,100.0,10000.0,4.6,
3277429,21.77,1020.0,43.0,8.65,75.0,10000.0,4.6,
2963850,33.72,1021.0,51.0,22.17,40.0,10000.0,4.6,
2046093,25.18,1010.0,76.0,20.65,75.0,10000.0,9.3,0.6
3448328,20.04,1011.0,83.0,17.07,40.0,10000.0,1.5,
2964031,31.18,1020.0,55.0,21.07,100.0,10000.0,4.6,0.14
2279302,14.56,1015.0,48.0,3.69,0.0,10000.0,3.1,
1653049,23.93,1019.0,90.0,22.19,100.0,2816.0,4.1,
829088,-6.97,994.0,80.0,-9.52,100.0,1609.0,10.3,
2664947,24.88,1015.0,93.0,23.67,100.0,6437.0,2.1,1.5
3977950,9.73,1010.0,90.0,8.17,100.0,10000.0,4.6,0.3
828563,-4.97,1025.0,75.0,-8.29,100.0,10000.0,2.6,
275642,0.75,1016.0,71.0,-3.45,0.0,10000.0,0.0,
3348576,26.13,1017.0,82.0,22.81,0.0,10000.0,1.5,
3955750,23.73,1014.0,94.0,22.71,40.0,10000.0,1.5,
913804,-3.51,1025.0,65.0,-8.51,75.0,10000.0,5.7,
5238318,18.94,1019.0,96.0,18.29,100.0,3219.0,2.6,6.6
2556374,17.8,1012.0,87.0,15.61,100.0,10000.0,2.1,
2971601,15.9,1019.0,87.0,13.74,40.0,4828.0,0.0,
4895975,3.85,1028.0,59.0,-3.03,20.0,10000.0,2.6,
2516745,26.19,1004.0,39.0,11.16,75.0,10000.0,7.7,0.44
2285869,23.13,1017.0,65.0,16.19,75.0,10000.0,7.7,0.15
54562,-0.26,1010.0,92.0,-1.27,100.0,8047.0,7.2,
3586553,20.18,1010.0,81.0,16.82,75.0,10000.0,4.1,
1917729,22.37,1016.0,26.0,1.95,20.0,10000.0,6.2,
4238553,20.6,1023.0,46.0,8.59,75.0,10000.0,5.1,
513455,-5.53,1019.0,67.0,-10.12,100.0,10000.0,4.6,
339476,5.62,1027.0,31.0,-9.06,75.0,10000.0,3.6,
1039972,15.87,1025.0,45.0,3.97,100.0,10000.0,4.63,
2325977,26.74,1014.0,84.0,23.81,100.0,10000.0,5.1,
4519526,4.73,1032.0,82.0,1.92,40.0,10000.0,0.0,
1476414,11.6,1020.0,92.0,10.35,100.0,10000.0,4.1,
3469946,32.71,1017.0,49.0,20.6,75.0,10000.0,1.5,
3455874,35.46,1013.0,24.0,11.81,40.0,10000.0,2.6,
4552213,8.83,1021.0,79.0,5.39,75.0,10000.0,6.2,
585221,10.04,1009.0,37.0,-3.52,75.0,10000.0,0.0,
578370,1.63,1002.0,92.0,0.47,100.0,8047.0,0.0,
4663409,4.03,1025.0,88.0,2.23,0.0,10000.0,0.0,
872665,-6.7,1023.0,64.0,-11.76,75.0,10000.0,1.5,
1134177,19.3,1017.0,77.0,15.17,100.0,10000.0,0.0,
2129041,18.96,1009.0,23.0,-2.31,75.0,10000.0,8.8,
1354009,-1.45,1024.0,56.0,-8.24,20.0,10000.0,2.6,
4160127,28.85,1021.0,71.0,23.06,75.0,10000.0,5.1,
1302721,29.57,1018.0,41.0,14.94,75.0,10000.0,3.6,
1294728,11.78,1023.0,93.0,10.69,0.0,10000.0,0.0,
2617606,27.42,1013.0,66.0,20.51,75.0,10000.0,5.1,
5207141,27.28,1019.0,76.0,22.68,75.0,10000.0,8.2,
1765219,7.87,1011.0,68.0,2.34,75.0,10000.0,4.6,
703565,-9.31,1021.0,78.0,-12.09,100.0,2816.0,3.1,
3692964,29.9,1016.0,14.0,-0.4,20.0,10000.0,5.7,
1385534,-16.59,1003.0,79.0,-19.09,100.0,4828.0,0.0,
5311459,-14.94,1015.0,75.0,-18.02,40.0,10000.0,6.0,
448940,-7.41,1036.0,91.0,-8.49,40.0,10000.0,2.6,
2513182,24.89,1005.0,52.0,14.37,40.0,10000.0,6.7,
4333129,30.44,1014.0,67.0,23.62,75.0,10000.0,2.1,
744755,-11.77,1026.0,55.0,-18.25,0.0,10000.0,5.7,
579948,-1.98,1017.0,91.0,-3.1,100.0,2816.0,4.6,
3157170,18.3,1019.0,81.0,14.99,0.0,10000.0,1.5,
1724520,20.39,1016.0,31.0,2.71,40.0,10000.0,0.0,
1864365,13.33,1018.0,71.0,8.19,0.0,10000.0,4.1,
2453794,20.47,1009.0,44.0,7.82,0.0,10000.0,3.1,
712382,-7.12,1018.0,34.0,-18.98,100.0,10000.0,0.0,
667787,-6.49,1017.0,67.0,-11.04,100.0,10000.0,6.2,
5213391,7.92,1005.0,67.0,2.18,20.0,10000.0,7.2,
2866153,23.94,1015.0,51.0,13.19,40.0,10000.0,3.6,
1536172,8.33,1009.0,95.0,7.58,100.0,3219.0,4.1,
3417093,25.8,1014.0,91.0,24.22,100.0,10000.0,3.6,0.17
1760211,-3.28,1007.0,79.0,-6.04,100.0,10000.0,5.1,
54057,-0.05,1009.0,92.0,-1.06,100.0,8047.0,4.6,
985292,-3.83,1024.0,57.0,-10.3,0.0,10000.0,4.63,
4489559,8.89,1028.0,43.0,-2.65,0.0,10000.0,3.1,
603518,24.49,1017.0,23.0,2.02,0.0,10000.0,8.8,
2338313,22.42,1022.0,81.0,19.0,75.0,10000.0,0.0,1.2
1841597,10.19,1007.0,63.0,3.47,40.0,10000.0,6.2,
3691915,28.66,1019.0,61.0,20.4,40.0,10000.0,4.6,1.5
4816011,3.13,1028.0,66.0,-2.3,75.0,10000.0,6.7,
3438451,31.34,1008.0,45.0,17.99,20.0,10000.0,8.8,0.23
2427320,20.2,1016.0,80.0,16.64,75.0,10000.0,3.1,
153130,3.59,1030.0,79.0,0.29,100.0,10000.0,2.6,0.8
1513959,6.3,1019.0,88.0,4.46,100.0,4828.0,5.7,
230457,5.2,1020.0,70.0,0.18,100.0,10000.0,2.6,
873236,12.83,1008.0,30.0,-3.81,40.0,10000.0,4.1,
3816543,27.79,1019.0,65.0,20.61,0.0,10000.0,2.6,
470827,-9.98,1019.0,37.0,-20.72,0.0,10000.0,8.8,
3458945,33.36,1013.0,29.0,12.92,40.0,10000.0,3.6,
2431346,25.6,1016.0,65.0,18.54,75.0,10000.0,3.1,0.31
3774118,32.73,1014.0,59.0,23.66,75.0,10000.0,4.6,1.08
2512682,24.7,1006.0,59.0,16.16,40.0,10000.0,7.7,
3535197,28.25,1013.0,89.0,26.26,20.0,10000.0,4.1,0.96
906827,-2.92,1038.0,68.0,-7.43,100.0,9656.0,3.6,
1952055,15.6,1019.0,93.0,14.47,100.0,10000.0,1.5,0.44
858124,-7.95,1018.0,77.0,-10.91,100.0,1609.0,7.2,
3896014,16.69,1017.0,83.0,13.79,75.0,10000.0,6.2,
487508,20.79,1017.0,85.0,18.18,20.0,10000.0,3.1,
1544708,25.1,1006.0,55.0,15.43,75.0,10000.0,10.8,
5253939,22.68,1023.0,69.0,16.7,40.0,10000.0,4.1,
915261,-3.22,1018.0,86.0,-5.0,100.0,10000.0,2.1,
3775106,20.89,1013.0,61.0,13.1,20.0,10000.0,5.1,
1880939,16.11,1010.0,92.0,14.81,75.0,10000.0,0.0,
3348944,25.26,1016.0,79.0,21.36,75.0,10000.0,5.1,
2641491,16.24,1011.0,89.0,14.43,40.0,10000.0,2.1,
168073,4.84,1019.0,92.0,3.65,100.0,4828.0,4.6,
5053983,10.62,1004.0,50.0,0.64,0.0,10000.0,6.2,
3895842,27.97,1016.0,74.0,22.9,100.0,10000.0,8.8,2.14
880488,-3.11,1033.0,78.0,-6.03,100.0,1609.0,4.6,
72238,3.87,1034.0,59.0,-3.01,75.0,10000.0,7.2,
3802378,28.85,1013.0,45.0,15.74,40.0,10000.0,3.1,
2040206,10.75,1019.0,82.0,7.81,100.0,10000.0,3.6,
3462954,22.21,1010.0,90.0,20.49,40.0,10000.0,4.1,
3470444,27.36,1010.0,64.0,19.95,40.0,10000.0,6.2,0.21
4223593,20.09,1018.0,48.0,8.75,75.0,10000.0,7.2,
2343305,20.18,1016.0,99.0,20.02,100.0,8047.0,2.1,3.0
3305796,35.29,1013.0,43.0,20.81,40.0,10000.0,2.1,
265481,9.38,1024.0,86.0,7.16,20.0,10000.0,5.1,
5196095,1.67,998.0,95.0,0.96,100.0,1609.0,3.1,
1930225,22.25,1013.0,26.0,1.85,75.0,10000.0,4.1,
122363,-16.2,1020.0,64.0,-20.9,100.0,10000.0,9.8,
4651363,23.1,1004.0,93.0,21.91,100.0,,5.75,6.47
3422694,31.75,1011.0,45.0,18.36,75.0,10000.0,4.1,
617826,24.87,1012.0,76.0,20.35,40.0,10000.0,0.0,
4574619,,,,,,,,
4936915,5.18,1027.0,38.0,-7.08,75.0,10000.0,2.1,
1800468,28.23,1015.0,67.0,21.52,20.0,10000.0,4.6,
2360346,14.21,1011.0,78.0,10.43,20.0,10000.0,4.6,
717956,-8.7,1014.0,78.0,-11.5,100.0,3219.0,6.7,
5300732,9.17,1021.0,76.0,5.17,40.0,10000.0,2.1,
3517880,21.14,1012.0,75.0,16.54,75.0,10000.0,3.1,0.53
2565551,31.37,1017.0,59.0,22.39,40.0,10000.0,3.1,
3564171,26.11,1013.0,87.0,23.77,0.0,10000.0,3.6,
3454983,34.08,1013.0,40.0,18.57,40.0,10000.0,1.5,
2084930,17.16,1021.0,94.0,16.19,100.0,10000.0,3.6,
4196846,23.76,1011.0,90.0,22.02,100.0,10000.0,2.1,0.19
108041,-4.35,1016.0,46.0,-13.18,75.0,10000.0,9.3,
981726,-6.85,1033.0,52.0,-14.18,0.0,10000.0,5.7,
1477593,15.13,1026.0,28.0,-2.86,75.0,10000.0,6.2,
3510204,32.25,1018.0,12.0,-0.65,75.0,10000.0,5.1,
761811,12.89,1019.0,87.0,10.78,100.0,8047.0,1.5,
2125954,25.11,1021.0,56.0,15.72,100.0,10000.0,5.1,
2659996,17.13,1012.0,83.0,14.22,100.0,10000.0,1.5,
1890503,8.44,1013.0,100.0,8.44,100.0,6437.0,2.11,
2846270,23.73,1017.0,99.0,23.56,75.0,10000.0,2.1,0.58
3984401,31.29,1017.0,44.0,17.59,40.0,10000.0,2.1,
471228,-0.23,1019.0,92.0,-1.24,100.0,1207.0,3.1,
5263104,2.82,1021.0,73.0,-1.35,100.0,10000.0,9.8,
1519665,20.31,1021.0,93.0,19.14,20.0,10000.0,0.0,
5318420,14.79,1021.0,92.0,13.5,100.0,8047.0,3.6,3.11
171499,-1.59,1024.0,92.0,-2.59,100.0,8047.0,2.1,
5125106,8.76,1008.0,58.0,0.96,75.0,10000.0,5.1,
2481979,22.29,1016.0,53.0,12.26,75.0,10000.0,7.2,
1229959,3.91,1016.0,89.0,2.27,40.0,8047.0,6.2,
3308487,23.69,1015.0,91.0,22.13,0.0,10000.0,1.5,
4362476,23.37,1013.0,71.0,17.82,20.0,10000.0,3.1,
4469935,17.05,1018.0,93.0,15.91,40.0,10000.0,3.6,
4217967,21.58,1010.0,56.0,12.44,0.0,10000.0,0.0,
1467076,14.4,1020.0,21.0,-6.78,20.0,10000.0,9.3,
2821152,32.48,1019.0,28.0,11.63,40.0,10000.0,2.6,
310019,-2.89,1022.0,72.0,-6.74,100.0,10000.0,4.1,
484293,13.17,1009.0,74.0,8.64,100.0,10000.0,6.2,
2157048,22.89,1003.0,61.0,14.98,75.0,10000.0,6.7,0.63
5315932,16.4,1022.0,89.0,14.58,100.0,8047.0,5.7,1.62
2725978,31.24,1010.0,27.0,10.03,0.0,10000.0,4.6,
4369010,23.94,1012.0,90.0,22.2,75.0,9656.0,2.6,0.3
5289469,-1.3,1036.0,74.0,-4.87,100.0,10000.0,8.2,
1588669,10.8,1009.0,29.0,-5.78,40.0,10000.0,6.2,
2724212,21.5,1009.0,88.0,19.43,75.0,9656.0,3.6,
1581409,12.89,1012.0,52.0,3.28,0.0,10000.0,7.2,
697155,-3.2,1018.0,88.0,-4.71,100.0,4023.0,4.1,
3560670,27.47,1013.0,74.0,22.42,100.0,10000.0,2.1,
2683866,25.19,1014.0,65.0,18.15,100.0,10000.0,5.1,
54169,27.35,1023.0,66.0,20.44,40.0,10000.0,7.7,
4766219,2.2,1036.0,63.0,-3.64,0.0,10000.0,2.1,
429281,-0.27,1026.0,84.0,-2.37,0.0,10000.0,0.0,
1805275,29.96,1004.0,23.0,6.59,0.0,10000.0,6.7,
1045507,13.34,1013.0,96.0,12.72,100.0,10000.0,4.1,
3804416,18.77,1012.0,45.0,6.6,40.0,10000.0,8.8,
4477771,24.54,1018.0,84.0,21.66,75.0,10000.0,3.1,
4910820,17.45,1027.0,77.0,13.38,75.0,10000.0,6.7,
2074736,10.85,1018.0,58.0,2.92,100.0,10000.0,8.2,
5270080,5.37,1003.0,86.0,3.22,100.0,8047.0,7.7,4.98
2791638,21.54,1018.0,50.0,10.69,20.0,10000.0,3.6,
2454235,20.66,1016.0,87.0,18.42,40.0,10000.0,2.1,
15391,0.18,1023.0,66.0,-4.8,100.0,10000.0,2.1,
